{
  "metadata": {
    "source": "CUCLM Budget 2020 - Version Test Réduite",
    "population_totale": 137500,
    "budget_total": 535606552.75,
    "note": "Version test avec 3 villes et 3 fonctions"
  },
  "fonctions": [
    {
      "code": 0,
      "nom": "Services généraux",
      "depenses": 147772296.82000002,
      "recettes": 52931907.769999996,
      "total": 200704204.59000003,
      "montant_total": 200704204.59000003,
      "solde": -94840389.05000003,
      "description": "Administration générale (CORRIGÉ: sans emprunts ni transferts)"
    },
    {
      "code": 9,
      "nom": "Impositions et Fiscalité",
      "depenses": 0.0,
      "recettes": 127397011.0,
      "total": 127397011.0,
      "montant_total": 127397011.0,
      "solde": 127397011.0,
      "description": "Taxes, impôts locaux, fiscalité"
    },
    {
      "code": 10,
      "nom": "Finances et Transferts",
      "depenses": 0.0,
      "recettes": 207505337.16,
      "total": 207505337.16,
      "montant_total": 207505337.16,
      "solde": 207505337.16,
      "description": "Emprunts, dotations État, transferts financiers (NOUVEAU)"
    }
  ],
  "villes": [
    {
      "nom": "Caen",
      "coordonnees": [
        49.1829,
        -0.3707
      ],
      "population": 105000,
      "proportion": 50.46,
      "total_depenses": 159424316.0,
      "total_recettes": 210935747.0,
      "total_budget": 370360063.0,
      "solde_global": 51511431.0,
      "budget_par_habitant": 3527.0,
      "fonctions": {
        "0": {
          "nom": "Services généraux",
          "depenses": 74560746.0,
          "recettes": 26707594.0,
          "total": 101268340.0,
          "solde": -47853152.0
        },
        "9": {
          "nom": "Impositions et Fiscalité",
          "depenses": 0.0,
          "recettes": 64280087.0,
          "total": 64280087.0,
          "solde": 64280087.0
        },
        "10": {
          "nom": "Finances et Transferts",
          "depenses": 0.0,
          "recettes": 104699954.0,
          "total": 104699954.0,
          "solde": 104699954.0
        }
      }
    },
    {
      "nom": "Hérouville-Saint-Clair",
      "coordonnees": [
        49.2014,
        -0.3361
      ],
      "population": 21000,
      "proportion": 10.09,
      "total_depenses": 31884863.0,
      "total_recettes": 42187150.0,
      "total_budget": 74072013.0,
      "solde_global": 10302287.0,
      "budget_par_habitant": 3527.0,
      "fonctions": {
        "0": {
          "nom": "Services généraux",
          "depenses": 14912149.0,
          "recettes": 5341519.0,
          "total": 20253668.0,
          "solde": -9570630.0
        },
        "9": {
          "nom": "Impositions et Fiscalité",
          "depenses": 0.0,
          "recettes": 12856017.0,
          "total": 12856017.0,
          "solde": 12856017.0
        },
        "10": {
          "nom": "Finances et Transferts",
          "depenses": 0.0,
          "recettes": 20939991.0,
          "total": 20939991.0,
          "solde": 20939991.0
        }
      }
    },
    {
      "nom": "Ifs",
      "coordonnees": [
        49.1433,
        -0.3501
      ],
      "population": 11500,
      "proportion": 5.53,
      "total_depenses": 17460758.0,
      "total_recettes": 23102486.0,
      "total_budget": 40563244.0,
      "solde_global": 5641728.0,
      "budget_par_habitant": 3527.0,
      "fonctions": {
        "0": {
          "nom": "Services généraux",
          "depenses": 8166177.0,
          "recettes": 2925117.0,
          "total": 11091294.0,
          "solde": -5241059.0
        },
        "9": {
          "nom": "Impositions et Fiscalité",
          "depenses": 0.0,
          "recettes": 7040200.0,
          "total": 7040200.0,
          "solde": 7040200.0
        },
        "10": {
          "nom": "Finances et Transferts",
          "depenses": 0.0,
          "recettes": 11467138.0,
          "total": 11467138.0,
          "solde": 11467138.0
        }
      }
    }
  ]
}